sku,price,stock,condition,opc,gtin,date_last_created,product_title,category,"brand ID","brand name","GPSR Compliance Status","GPSR Non-Compliance Reason(s)","GPSR Last Check"
0401965569814,0.00,0,New,PXC9FSV,0401965569814,"2026-07-23 12:54:33","Multi-Function RFID Blocking Passport Wallet Zip-Up Protective Case For Travel Documents And Finances New Arrival Cross-Border",13276,1224000,dawndesslo,,,,,
0398225871391,0.00,0,New,PXC9FSX,0398225871391,"2026-07-23 12:54:33","Baby Bottle Warmer Sterilizer Multifunction Fast Milk Bottle Warmers with Timer Accurate Temperature Control Newborn Accessories",5600,1,Unbranded,,,,,
0379965075270,0.00,0,New,PXC9FT5,0379965075270,"2026-07-23 12:54:33","Scanning Translation Pen Portable Translator Spanish Russian Arabic Portuguese Korean French Ukraine Hebrew Offline Translate A6",22365,1224001,YQT,,,,,
0398780157398,0.00,0,New,PXC9FT6,0398780157398,"2026-07-23 12:54:33","Portable Bottle Warmer Rechargeable Cordless Milk Warmer with Temperature Control Baby Bottle Warmer for Travel",5600,699751,Alloet,,,,,
0419182553714,0.00,0,New,PXC9FV6,0419182553714,"2026-07-23 12:54:34","4K 8MP HD Wifi PTZ Camera Outdoor 4MP Dual Lens Dual Screen AI Auto Tracking IP Camera CCTV Audio Video Surveillance P2P iCSee",8475,1224003,UDECER,,,,,
0603323098213,0.00,0,New,PXC9FVJ,0603323098213,"2026-07-23 12:54:34","Universal Car Covers Full Sunshade Dustproof Protection With Reflective strip Rain Snow All Weather Protection Waterproof Dustproof",10836,1,Unbranded,,,,,
0379237474077,0.00,0,New,PXC9FVM,0379237474077,"2026-07-23 12:54:34","Smart Scan Translator 142 Languages WIFI Text Scanner Voice Translation Pen Scanning Translation Pen For Business Travel Abroad",11652,1223998,MOIDYOU,,,,,
0386571918266,0.00,0,New,PXC9FVX,0386571918266,"2026-07-23 12:54:35","MSAI T11 Translator 138 Languages for Travel Real-time 17 Languages Offline Translation Photo 75 Languages 1500mAh 1+8GB",11258,1223999,MSAI,,,,,
0436349578854,0.00,0,New,PXC9FVZ,0436349578854,"2026-07-23 12:54:35","Tuya Smart Double-Opening 2.4GWi-Fi Curtain Controller Is Suitable for TU Rod Tracks, Without Disassembling The Original Track",9385,1224002,tuya（安全防护）,,,,,
0610357972792,0.00,0,New,PXC9FVY,0610357972792,"2026-07-23 12:54:35","Automatic Fruit Garlic Peeler Machine Electric Grape Peeler Machine w/h Precision Stainless Steel Blade for Kitchen Homemade Jam",8006,706099,sadoer,,,,,
0613750606851,0.00,0,New,PXC9FWJ,0613750606851,"2026-07-23 12:54:36","Huohou Non-slip Stainless Steel Can Opener Adjustable 2.5-10cm Bottle Opener Adjustable Multifunctional Stainless Steel Can Open",5614,682222,XMSJ,,,,,
0386922219691,0.00,0,New,PXC9FWR,0386922219691,"2026-07-23 12:54:36","2D Omnidirectional Barcode Scanner QR Code Desktop Barcode Reader for Supermarket Auto Sense Data Matrix PDF417 barcod scanners",9583,1224004,EVAWGIB,,,,,
0621372138650,0.00,0,New,PXC9FWS,0621372138650,"2026-07-23 12:54:36","Electric Walnut Cake Waffle Maker With Nuts 12 Holes Cooking Kitchen Biscuits Making for Baking Business Nuts Waffle",22301,111375,RAF,,,,,
0617979688681,0.00,0,New,PXC9FWX,0617979688681,"2026-07-23 12:54:36","Potato Masher 2Pcs Stainless Steel Set With Silicone Handle For Veggies, Fruits Avocados, Meat",8006,1,Unbranded,,,,,
0622444721268,0.00,0,New,PXC9FX5,0622444721268,"2026-07-23 12:54:36","800W Sausage Roll Maker Household Multi Rolls Pies Desserts HotDog Bread Maker Non-Stick Breakfast Machine for Kids Party",35135,522384,sokany,,,,,
0631224179748,0.00,0,New,PXC9FX8,0631224179748,"2026-07-23 12:54:36","Smart Robot Vacuum Cleaner Wet And Dry Mopping Machine Rechargeable With Air Humidifying Spray Household Sweeping Robot",8698,682222,XMSJ,,,,,
0637454589296,0.00,0,New,PXC9FXJ,0637454589296,"2026-07-23 12:54:36","UV Light Sanitizer Wand Professional Grade Portable UVC Sanitizer Lamp for Sanitizing Home Office Hotel Salon Car School  Lab",10526,1,Unbranded,,,,,
0626765861795,0.00,0,New,PXC9FXC,0626765861795,"2026-07-23 12:54:36","MINI Electric Donut Maker Non-stick Eggs Waffle Cartoon Cake Baking Iron Grill 3in1 Breakfast Muffin Doughnut Machine Toaster",13878,1165967,CukYi,,,,,
0615951484658,0.00,0,New,PXC9FXF,0615951484658,"2026-07-23 12:54:36","【SIMPLE】Potato Masher Set 2Pcs Stainless Steel Mashed Potatoes Smasher With Silicone Handle For Veggies, Fruits, Avocado, Meat",35179,1,Unbranded,,,,,
0637351609172,0.00,0,New,PXC9FXH,0637351609172,"2026-07-23 12:54:36","Intelligent Portable Foldable Shoe Drying Machine With Constant Temperature Dehumidification For Sports Gear",7725,760217,HOMEFISH,,,,,
0637940265420,0.00,0,New,PXC9FXT,0637940265420,"2026-07-23 12:54:37","Undetectable Mouse Jiggler 5V 1A Simulate Mouse Mover Wired Wireless Mouse Compatible for Computer Awakening for Keeps PC Active",8375,320063,NoEnName_Null,,,,,
0637454589692,0.00,0,New,PXC9FXR,0637454589692,"2026-07-23 12:54:37","HOMEFISH Multifunctional Silicone Warming Board Home Easy Store Foldable Waterproof Oil Resistant Insulated for Hot Meals",14892,760217,HOMEFISH,,,,,
0647102767730,0.00,0,New,PXC9FXQ,0647102767730,"2026-07-23 12:54:37","Original Dreame T30 R20 Cyclone Dust Cup Handheld Cordless Vacuum Cleaner Spare Parts Dustbin",13827,153241,Dreame,,,,,
0639427881659,0.00,0,New,PXC9FY2,0639427881659,"2026-07-23 12:54:37","New Upgrade Electric Heating Waist Massager Support Belt Vibration Infrared Hot Compress Brace Belt Back Relax 3 Gear Adjustment",7248,950151,FlareMore,,,,,
0648236629949,0.00,0,New,PXC9FXZ,0648236629949,"2026-07-23 12:54:37","Air Conditioning Windshield Anti-Direct Blowing Universal Windproof Wall-Mounted Air Outlet Baffle Confinement Cold Air Guide",10560,1,Unbranded,,,,,
0648422940575,0.00,0,New,PXC9FYC,0648422940575,"2026-07-23 12:54:37","1Pc Adjustable stainless steel umbrella frame for wheelchairs and bicycles - Foldable design",7521,1,Unbranded,,,,,
0648149177858,0.00,0,New,PXC9FYH,0648149177858,"2026-07-23 12:54:38","Portable Capsule Coffee Machine, Compatible with Ground Coffee & Capsules, 3-In-1Espresso Maker with Digital Display Screen",22325,1,Unbranded,,,,,
0647468723432,0.00,0,New,PXC9FYM,0647468723432,"2026-07-23 12:54:38","Electric Water Kettle Portable Mini Kettle with Steaming Rack 1000ml Large Capacity Stainless Steel Home Kitchen Office Travel",13879,743700,raugee,,,,,
0651333872620,0.00,0,New,PXC9FYP,0651333872620,"2026-07-23 12:54:38","HOMEFISH Digital Meat Kitchen Thermometer Stainless Waterproof Meat Temperature Thermometre Probe Oven Cooking BBQ",23237,1,Unbranded,,,,,
0627136111556,0.00,0,New,PXC9FYQ,0627136111556,"2026-07-23 12:54:38","Automatic Electric Floor Vacuum Cleaner 3-in-1 1500Pa USB Rechargeable Wireless Sweeping Mop for Home Office Use",14931,1,Unbranded,,,,,
0657661565456,0.00,0,New,PXC9FYV,0657661565456,"2026-07-23 12:54:38","Mini Hea Bag Seal Machine Package Sealer Bags Thermal Plastic Food Bag",9893,1,Unbranded,,,,,
0653755646414,0.00,0,New,PXC9FYW,0653755646414,"2026-07-23 12:54:38","1Set Micro Vacuum Dust Cleaner Brush Suction Tube Vacuum Cleaner Parts Keyboard Sofa Dirt Remover Crevice Clean Tool Accessories",13827,1,Unbranded,,,,,
0658202970210,0.00,0,New,PXC9FYZ,0658202970210,"2026-07-23 12:54:38","Drying Machine Laundry Basket Cloth Washing Machine Foldable Pop up Storage Dirty Cloth Basket",25985,1,Unbranded,,,,,
0666870021769,0.00,0,New,PXC9FZ2,0666870021769,"2026-07-23 12:54:38","LED Multi-Functional Mosquito Repellent Lamp Automatic Attraction Electric Shock Indoor Outdoor Use",9370,1,Unbranded,,,,,
0660728326846,0.00,0,New,PXC9FZ8,0660728326846,"2026-07-23 12:54:38","Automatic Foaming Soap Dispenser Touchless Induction Hand Washer Smart Soap Dispenser for Home Hotel Bathroom",25032,90256,LAOPAO,,,,,
0666676008353,0.00,0,New,PXC9FZC,0666676008353,"2026-07-23 12:54:39","Hatteker powerful foil electric shaver hair durable triple head shaving machine for men beard electric razor barber tool",9765,29850,Hatteker,,,,,
0662961943118,0.00,0,New,PXC9FZB,0662961943118,"2026-07-23 12:54:39","Portable Household Cleaning Machine, 450ml Clean Pod Ultrasonic Cleaner, Jewelry Cleaner Machine for Ring, Glasses, Makeup Brush",9776,671763,BALASHOV,,,,,
0675254599107,0.00,0,New,PXC9FZD,0675254599107,"2026-07-23 12:54:39","(Large size)2PCS Air Fryer Racks Specifically Made for Ninja AF400/AF451 9.5L & DZ401/DZ550 10QT Stainless Steel Single Layer",33938,1,Unbranded,,,,,
0681645352183,0.00,0,New,PXC9FZK,0681645352183,"2026-07-23 12:54:39","Digital Kitchen Thermometer Probe Touch Screen Meat Barbecue Food Temperature Measure Tool Steak BBQ Timer Cooking Tools",23237,1,Unbranded,,,,,
0669784801847,0.00,0,New,PXC9FZJ,0669784801847,"2026-07-23 12:54:39","1pc Adjustable Umbrella Mount Holder, Umbrella Connector Holder To Wheelchairs, Walker, Rollator, Bike, Pram, Stroller",7426,1,Unbranded,,,,,
0684145933272,0.00,0,New,PXC9FZM,0684145933272,"2026-07-23 12:54:39","HOMEFISH New Toilet Sterilization Lamp Portable Mini Disinfection Lamp Home USB Charging Sterilizer",13637,760217,HOMEFISH,,,,,
0674676212021,0.00,0,New,PXC9FZQ,0674676212021,"2026-07-23 12:54:39","Fabric shaver rechargeable lint remover electric portable jumper remover LED displayRemoves pilling for clothes furniture sofas",11156,1,Unbranded,,,,,
0685574443134,0.00,0,New,PXC9FZT,0685574443134,"2026-07-23 12:54:39","USB Thermostatic Hand Warmer Short Velvet Fabric Warm Hands And Legs Shawl for Winter Office And Home Use Heating Blanket",3922,1,Unbranded,,,,,
0678831712104,0.00,0,New,PXC9FZX,0678831712104,"2026-07-23 12:54:39","32Oz Mason Jar Pour Spout Lid -Glass Pitcher with Lid ,Breast Milk Pitcher,Seal for Juice,Milk,Coffee,Tea,Lemonade,Drink",14267,1,Unbranded,,,,,
0680112805986,0.00,0,New,PXC9FZY,0680112805986,"2026-07-23 12:54:39","A83G-18Oz Blending Vessel Cup & Vessel Cap & Sip Lid With Carry Handle,For Ninja Blast BC100 Series And BC151 Series",9585,1,Unbranded,,,,,
0678085627186,0.00,0,New,PXC9G29,0678085627186,"2026-07-23 12:54:40","USB Electric Heated Seat Cushion 4 Temperature Settings Winter Car Seat Heater Cold Resistant Chair Heated Mat for Office Travel",10699,264893,afdeal,,,,,
0684866618892,0.00,0,New,PXC9G2G,0684866618892,"2026-07-23 12:54:40","1Pc Drying Machine Exhaust Cleaner Hose - Flexible Yarn with Elastic Connector for Cleaning Vacuum Hose Accessories",13827,1,Unbranded,,,,,
0680443699575,0.00,0,New,PXC9G2K,0680443699575,"2026-07-23 12:54:40","2026 Portable Back Shaver for Men Body Razor Hair Trimmer Foldable Long Handle Groomer Hair Removal",9765,1,Unbranded,,,,,
0717099917385,0.00,0,New,PXC9G2P,0717099917385,"2026-07-23 12:54:40","A5 Notebook 76 Pages Blank White Paper Daily Writing Planner Journal Notepad Drawing Painting Sketchbook",3192,1,Unbranded,,,,,
0741672434266,0.00,0,New,PXC9G2W,0741672434266,"2026-07-23 12:54:41","LENCENT FM Transmitter Car Bluetooth 5.1 Modulator WithType C PD 20W and QC3.0 18W Car Fast Charger MP3 Player Radio Car Kit",11468,207893,Lencent,,,,,
0714345581222,0.00,0,New,PXC9G2Z,0714345581222,"2026-07-23 12:54:41","Wheel Perpetual Calendar Large Rotating Desk Calendar Desktop Ornaments Desk Calendar Perpetual Calendar Countdown",10473,1,Unbranded,,,,,
0716572628497,0.00,0,New,PXC9G52,0716572628497,"2026-07-23 12:54:42","New Year 2026 Calendars Diy Machine Homemade Diy Small Card Machine Half-Month Weekly Calendar Blind Box 2026 Calendars",5615,1,Unbranded,,,,,
0719022941313,0.00,0,New,PXC9G55,0719022941313,"2026-07-23 12:54:42","Baseus Car Vacuum Cleaner Mini Handheld Auto Vacuum Cleaner 6000Pa Powerful Suction Blow & Vacuum 2 In1 For Home & Car & Office",13827,40193,Baseus,,,,,
0750036915594,0.00,0,New,PXC9G56,0750036915594,"2026-07-23 12:54:42","SEAMETAL Car Cooling Fan Headrest Double Head Fans Multi Angle Rotation 3 Speed Adjustable Cooler Air Fan for Car Accessories",12982,999693,Seametal,,,,,
0740344713494,0.00,0,New,PXC9G57,0740344713494,"2026-07-23 12:54:42","Multi OBD Meter B3 Head Up Display Speed RPM Water Temp Fuel Consumption Time with Overspeed Voltage Alarm Drive Reminder",10876,1,Unbranded,,,,,
0719285654319,0.00,0,New,PXC9G59,0719285654319,"2026-07-23 12:54:42","JOYROOM 81W Bluetooth 6.0 Car FM Transmitter Dual Mics PD&QC 3.0 Car Fast Charging Charger Adapter U Disk Hands-Free Calling",8437,139204,Joyroom,,,,,
0753269731122,0.00,0,New,PXC9G5B,0753269731122,"2026-07-23 12:54:42","Car 220v Inverter 12 to 220 Voltage Power Converter 200W for 12V Vehicles",31604,19203,Other,,,,,
0742967175659,0.00,0,New,PXC9G5G,0742967175659,"2026-07-23 12:54:43","High Suction Handheld Car Vacuum Cleaner Portable Dual Use Household Water Absorption Cleaning Tool for Auto Interior",4773,1,Unbranded,,,,,
250265394790,0.00,0,New,PXGGPNC,0250265394790,"2026-07-28 10:52:32","2X Magnetic Thin Wall Swivel Spark Plug Socket Removal Tool 12Pt Drive 14mm+16mm",10717,1,Unbranded,,,,,
105162713611,0.00,0,New,PXGGPND,0105162713611,"2026-07-28 10:52:32","Mini cordless angle grinder polishing and cutting machine+2 battery charger 12V",18187,1230010,TANBURO,,,,,
250682239827,0.00,0,New,PXGGPNK,0250682239827,"2026-07-28 10:52:33","Solar Bug Zapper Outdoor 4500V Rechargeable Mosquito Killer&Fly Zapper Garden",9756,76899,SOLAR,,,,,
251113832396,0.00,0,New,PXGGPNN,0251113832396,"2026-07-28 10:52:34","Solar Multi-Coloured Door Fence Wall Lights LED Outdoor Garden Night Lamp 4PCS",32511,1,Unbranded,,,,,
250699754337,0.00,0,New,PXGGPNV,0250699754337,"2026-07-28 10:52:35","Ultra Heavy Duty Mobile 32-70 inch TV Stand Rolling TV Cart Mount with Wheels UK",28723,1230010,TANBURO,,,,,
252981368130,0.00,0,New,PXGGPP6,0252981368130,"2026-07-28 10:52:36","Modern LED Wall Lamp Wall Light Indoor Hallway Living Room Bedroom 3 Colors 48cm",9621,1,Unbranded,,,,,
251963523574,0.00,0,New,PXGGPPK,0251963523574,"2026-07-28 10:52:37","NEW Power Bank 20000mAh Fast Charging 22.5W Portable Charger USB-C Battery Pack",3342,1230011,Selectec,,,,,
251662196451,0.00,0,New,PXGGPPM,0251662196451,"2026-07-28 10:52:37","22.5W Portable Charger Power Bank 10000mAh Built-in cable Fast Charging USB-C UK",16193,1230011,Selectec,,,,,
252592400113,0.00,0,New,PXGGPPT,0252592400113,"2026-07-28 10:52:38","Solar Panel Charger for Eufy Eufycam Cam E/2C/2/2 Pro Camera 10W USB Type-C IP65",31606,1,Unbranded,,,,,
260839968814,0.00,0,New,PXGGPTM,0260839968814,"2026-07-28 10:52:44","Smart Fingerprint Door Lock Security Lock Electronic Door Lock Biometric Handle",11571,1,Unbranded,,,,,
261745051782,0.00,0,New,PXGGPV7,0261745051782,"2026-07-28 10:52:45","50L Outdoor Military Tactical Army Backpack Rucksack Camping Hiking Trekking Bag",3376,1,Unbranded,,,,,
262332179117,0.00,0,New,PXGGPVB,0262332179117,"2026-07-28 10:52:46","2Pcs Leather Motorcycle Pouch Luggage Saddlebag Side Storage Bags For Honda",10990,1,Unbranded,,,,,
262372213352,0.00,0,New,PXGGPVG,0262372213352,"2026-07-28 10:52:46","Outdoor Picnic Gas Burner Camping Hiking Fishing Mini Butane Stove Cooker BBQ",12300,1,Unbranded,,,,,
264770621715,0.00,0,New,PXGGPWP,0264770621715,"2026-07-28 10:52:48","Multi Floral Wallpaper Textured Thick Heavy Weight Slightly Imperfect Vinyl",13174,1,Unbranded,,,,,
264425383968,0.00,0,New,PXGGPWY,0264425383968,"2026-07-28 10:52:49","Beige Cream Wave Wallpaper Metallic Shimmer Slightly Imperfect Vinyl Feature",13174,1,Unbranded,,,,,
269396779932,0.00,0,New,PXGGPZT,0269396779932,"2026-07-28 10:52:52","3 x Spider Killer Treatment - Smoke Insect Fogger Bomb 3.5g - Professional Grade",31622,121958,"Natures Grub",,,,,
269867349909,0.00,0,New,PXGGPZX,0269867349909,"2026-07-28 10:52:52","Fly Killer Repellent Zero In 90-Day Knockdown Flying Insect Repellent Killer",10233,4773,"Zero In",,,,,
270776174995,0.00,0,New,PXGGQ25,0270776174995,"2026-07-28 10:52:52","10 Fly Catcher Window Flower Traps Stickers Bug Insect Killer Sticky Window Trap",13735,70410,UNHO,,,,,
269586293897,0.00,0,New,PXGGQ26,0269586293897,"2026-07-28 10:52:52","Mosquito Insect Killer Light Electric Bug Fly Pest Zapper Trap Catcher UV Lamp",31622,1,Unbranded,,,,,
269824711978,0.00,0,New,PXGGQ2G,0269824711978,"2026-07-28 10:52:53","Pestshield Spider & Creepy Crawly Insect Killer Spider Spray 200ml x 6",31622,98913,PestShield,,,,,
479180552690,0.00,0,New,PXGGQ5W,0479180552690,"2026-07-28 10:52:54","Bongo3D-3 sets of Mazda Bongo Cabin Hook Handle Hanger for Bags,Towels or Coats",18120,146963,Unbranded/Generic,,,,,
792459375265,0.00,0,New,PXGGQ77,0792459375265,"2026-07-28 10:52:56","3200V Bug Zapper Electric Insect Killer Mosquito Fly Pest Trap LED Indoor Lamp",31626,1,Unbranded,,,,,
203911000000,0.00,0,New,PXM27NS,0203911305091,"2026-08-03 10:34:49","Battery Cover For Wii Fit Balance Board",13825,1233011,"games pro",,,,,
799276385569,0.00,0,New,PXS82HX,799276385569,"2026-08-14 23:55:06","Dog Cat Feeder Automatic Dispenser Timed Dry and Wet Pet Dog Cat Food Dispenser",18053,378983,DayPlus,,,,,
802803670660,0.00,0,New,PXTXRNW,802803670660,"2026-08-16 01:59:35","3x Pack Genuine Dove Hair Expert Daily Moisture Shampoo Daily Care Hair 400ml",15778,5427,Dove,,,,,
753455658882,0.00,0,New,PXVZRXV,753455658882,"2026-08-17 09:54:22","Breville VKJ142 Hot Cup Hot Water Dispenser 3000 Watt Removable Water Tank",32019,1013,Breville,,,,,
753631856309,0.00,0,New,PXVZS5X,753631856309,"2026-08-17 09:54:28","LG 43LR60006LA 43 Inch LED Full HD Smart TV Bluetooth WiFi",27379,1399,LG,,,,,
753676488763,0.00,0,New,PXVZS6W,753676488763,"2026-08-17 09:54:33","Remington Shine Therapy Wide Plate Hair Straightener White",15791,3995,Remington,,,,,
754014363346,0.00,0,New,PXVZS7B,754014363346,"2026-08-17 09:54:35","TCL 50V5C-UK 50 Inch QLED Full HD Smart TV Bluetooth",14934,140929,TCL,,,,,
754042250250,0.00,0,New,PXVZS7H,754042250250,"2026-08-17 09:54:37","LG 50NU800B6LC 50 Inch LED 4K Ultra HD Smart TV Bluetooth WiFi",14934,1399,LG,,,,,
753893620823,0.00,0,New,PXVZS7M,753893620823,"2026-08-17 09:54:37","Remington R1000 Shavers Black",4793,3995,Remington,,,,,
754475963000,0.00,0,New,PXVZSBG,754475963000,"2026-08-17 09:54:41","LG 43NU850B6LA 43 Inch LED 4K Ultra HD Smart TV Bluetooth WiFi",14934,1399,LG,,,,,
754491157537,0.00,0,New,PXVZSBK,754491157537,"2026-08-17 09:54:41","LG 55NU800B6LA 55 Inch LED 4K Ultra HD Smart TV Bluetooth WiFi",14934,1399,LG,,,,,
754469904422,0.00,0,New,PXVZSBP,754469904422,"2026-08-17 09:54:41","LG 32LB650B6LA 32 Inch LED HD Smart TV Bluetooth WiFi",14934,1399,LG,,,,,
754960577491,0.00,0,New,PXVZSG5,754960577491,"2026-08-17 09:55:05","Karcher 1.324-302.0 K 4 Power Control Flex Pressure Washer",15045,17069,Kärcher,,,,,
754610355820,0.00,0,New,PXVZSFC,754610355820,"2026-08-17 09:55:07","Veltech VR24HX630 24 Inch LED HD Smart TV WiFi",14934,739474,Veltech,,,,,
756352925224,0.00,0,New,PXW2HPH,756352925224,"2026-08-17 11:13:56","Hotpoint H2IHD526UK Full Size Dishwasher Silver E Rated",35518,3929,Hotpoint,,,,,
756382693889,0.00,0,New,PXW2HPK,756382693889,"2026-08-17 11:13:59","Hoover HBR 410BL8J-80 10Kg Washing Machine Black 1400 RPM A Rated",29195,1457,Hoover,,,,,
756464168533,0.00,0,New,PXW2HQB,756464168533,"2026-08-17 11:14:02","TCL 65T6C-UK 65 Inch QLED 4K Ultra HD Smart TV Bluetooth WiFi",14934,140929,TCL,,,,,
756602340692,0.00,0,New,PXW2HR6,756602340692,"2026-08-17 11:14:03","Nothing Westcoast Noise Cancelling Bluetooth True Wireless Stereo (TWS) Earbuds",8437,1233495,"Nothing Westcoast",,,,,
756789479666,0.00,0,New,PXW2HT7,756789479666,"2026-08-17 11:14:07","Russell Hobbs Spectrum 25113 Eclipse Copper Kettle Limescale Filter 3000 Watt",7374,276,"Russell Hobbs",,,,,
756842321512,0.00,0,New,PXW2HTP,756842321512,"2026-08-17 11:14:08","Kenwood HMP40.000GY Hand Mixer Free Standing Storm Blue",36831,3943,Kenwood,,,,,
756994516989,0.00,0,New,PXW2HWR,756994516989,"2026-08-17 11:14:14","TCL A65K-UK A 460 Watt Bluetooth Soundbar - Titanium",14934,140929,TCL,,,,,
757006191989,0.00,0,New,PXW2HXC,757006191989,"2026-08-17 11:14:14","Russell Hobbs Spectrum 25143 Eclipse 4 Slice Toaster Copper",25718,1105253,"Russell Hobbs Spectrum",,,,,
757142393476,0.00,0,New,PXW2HXQ,757142393476,"2026-08-17 11:14:20","Morphy Richards 482001 Deep Fryer Free Standing Stainless Steel",22289,2468,"Morphy Richards",,,,,
757366551379,0.00,0,New,PXW2J6D,757366551379,"2026-08-17 11:15:15","Breville VST091 Deep Fill Sandwich Toaster White",35663,1013,Breville,,,,,
757763636464,0.00,0,New,PXW2J6Q,757763636464,"2026-08-17 11:15:33","Karcher 1.513-561.0 SC 1 Upright Steam Mop up to 20 Minutes Run Time",35627,17069,Kärcher,,,,,
757775414371,0.00,0,New,PXW2J6S,757775414371,"2026-08-17 11:15:35","LG US20A 50 Watt Bluetooth Soundbar - Black",15703,1399,LG,,,,,
758043995677,0.00,0,New,PXW2J8Y,758043995677,"2026-08-17 11:15:43","Hoover HOWC023K Free Standing Wine Cooler Fits 23 Bottles Black G",13410,1457,Hoover,,,,,
757356619591,0.00,0,New,PXW2J2Q,757356619591,"2026-08-17 11:15:45","Omron HBF-511B-E Weighing Scale Free Standing Blue",7423,13486,Omron,,,,,
758305822536,0.00,0,New,PXW2JCJ,758305822536,"2026-08-17 11:15:46","LG xboom Mini Bluetooth Wireless Speaker Black Wireless",8437,1399,LG,,,,,
758699391847,0.00,0,New,PXW2JG5,758699391847,"2026-08-17 11:15:52","GoPro AFAEM-002 Action Camera Accessorie Free Standing Black",14892,1231919,"GoPro Westcoast",,,,,
758735807073,0.00,0,New,PXW2JG8,758735807073,"2026-08-17 11:15:52","Tresemme Radiant Shine Hair Straightener Black",15794,7610,TRESemmé,,,,,
837689757570,0.00,0,New,PXWPD82,837689757570,"2026-08-17 23:11:45","Hoover 4-in-1 Corded Handheld UV Mattress Vacuum Cleaner - HMC5",13827,1457,Hoover,,,,,
837626081164,0.00,0,New,PXWPD86,837626081164,"2026-08-17 23:11:45","Hoover Turbo Slim 2-In-1 Robot Vacuum Cleaner & Mop - HG2 Hydro",13827,1457,Hoover,,,,,
837717564040,0.00,0,New,PXWPD8G,837717564040,"2026-08-17 23:11:45","Hoover Upright Vacuum Cleaner Breeze Evo TH31BO02 Pets Bagless - Black & Blue",13827,1457,Hoover,,,,,
837646160214,0.00,0,New,PXWPD8X,837646160214,"2026-08-17 23:11:46","Hoover Robot Vacuum Cleaner & Mop Turbo Slim HG2 Hydro Pro - BOX DAMAGED",13827,1457,Hoover,,,,,
837760140550,0.00,0,New,PXWPDBQ,837760140550,"2026-08-17 23:11:46","Hoover Bagless Cylinder Vacuum Cleaner Corded Lightweight - HP1",13827,1457,Hoover,,,,,
837760691533,0.00,0,New,PXWPDC9,837760691533,"2026-08-17 23:11:47","Hoover Upright Vacuum Cleaner Breeze Evo TH31BO01 Bagless - Black & Blue",13827,1457,Hoover,,,,,
837839096702,0.00,0,New,PXWPDD5,837839096702,"2026-08-17 23:11:47","Hoover Upright Pet Vacuum Cleaner with ANTI-TWIST Blue - HL4",13827,1457,Hoover,,,,,
837845219416,0.00,0,New,PXWPDDK,837845219416,"2026-08-17 23:11:47","Hoover Cordless Vacuum Cleaner Stick Hoover HF1 MAX EasyClean HF1M10H - 39401129",31596,1457,Hoover,,,,,
837965938532,0.00,0,New,PXWPDH2,837965938532,"2026-08-17 23:11:48","Hoover Bagless Cylinder Vacuum Cleaner HP1 Pet - BOX DAMAGED",13827,1457,Hoover,,,,,
837989054959,0.00,0,New,PXWPDHP,837989054959,"2026-08-17 23:11:49","Hoover HS5 Spot Wash & Dry Vacuum Cleaner - Black (HS500 001)",13827,1457,Hoover,,,,,
837968208533,0.00,0,New,PXWPDJ8,837968208533,"2026-08-17 23:11:49","Hoover Cordless Vacuum Cleaner Stick HF1 MAX Flexi EasyClean HF1M10HX",31596,1457,Hoover,,,,,
838096684442,0.00,0,New,PXWPDJ2,838096684442,"2026-08-17 23:11:49","Hoover Upright Vacuum Cleaner with ANTI-TWIST Red - HL4",13827,1457,Hoover,,,,,
838186611778,0.00,0,New,PXWPDJJ,838186611778,"2026-08-17 23:11:49","Hoover Turbo Clean Wet&Dry Hot Air Cordless Floor Washer & Vacuum - HW3P10",31596,1457,Hoover,,,,,
838304157768,0.00,0,New,PXWPDJW,838304157768,"2026-08-17 23:11:49","Hoover Upright Vacuum Cleaner HL2 TurboStyle Anti-Hairwrap 39101058",13827,1457,Hoover,,,,,
765114630320,0.00,0,New,PXX7GZ9,765114630320,"2026-08-18 12:25:24","OEM 0.5 Meter USB-A 2.0 A Male To A-Female Cable 99CDL2-020",9012,37964,OEM,,,,,
765834275634,0.00,0,New,PXX7H6K,765834275634,"2026-08-18 12:27:26","Dell EcoLoop Essential 14-16"" Notebook Backpack DELL-CP3724",8719,1378,Dell,,,,,
768202818990,0.00,0,New,PXX8285,768202818990,"2026-08-18 18:40:07","Cream Stand Mixer, Dough Machine, 5L Bowl, 1300W, 8 Speeds, Dough Hook & Whisk",14926,761443,OYAJIA,,,,,
755010694755,0.00,0,New,PXXC67B,755010694755,"2026-08-19 11:43:19","Technics Noise Cancelling Bluetooth Earbuds Headphone Black",8437,116712,Technics,,,,,
755230856711,0.00,0,New,PXXC67N,755230856711,"2026-08-19 11:43:34","TCL 32SF560-UK 32 Inch QLED Full HD Smart TV Bluetooth WiFi",14934,140929,TCL,,,,,
755833302523,0.00,0,New,PXXC67W,755833302523,"2026-08-19 11:43:50","TCL S45HK 50 Watt Bluetooth Soundbar - Black",24660,140929,TCL,,,,,
755871617863,0.00,0,New,PXXC67Y,755871617863,"2026-08-19 11:43:53","Veltech VR24HX630 24 Inch LED HD Smart TV WiFi",14934,739474,Veltech,,,,,
755970552584,0.00,0,New,PXXC682,755970552584,"2026-08-19 11:43:55","Russell Hobbs Spectrum 26071 Honeycomb 4 Slice Toaster Black",25718,1105253,"Russell Hobbs Spectrum",,,,,
755997031062,0.00,0,New,PXXC686,755997031062,"2026-08-19 11:43:56","Morphy Richards 482001 Deep Fryer Free Standing Stainless Steel",22289,2468,"Morphy Richards",,,,,
756073225214,0.00,0,New,PXXC689,756073225214,"2026-08-19 11:43:59","Remington Quick Cut Hair Clipper Yes Black / Silver",19963,3995,Remington,,,,,
756095417000,0.00,0,New,PXXC68C,756095417000,"2026-08-19 11:44:00","Babyliss BAB2447CU Curling Wand Free Standing Black",7423,1704,BaByliss,,,,,
756135944503,0.00,0,New,PXXC68D,756135944503,"2026-08-19 11:44:01","Hoover HLEC10TG 10Kg Condenser Tumble Dryer White B Rated",30845,1457,Hoover,,,,,
756256028021,0.00,0,New,PXXC68F,756256028021,"2026-08-19 11:44:02","Hoover HBWR 485SB6-80 Free Standing Washer Dryer 8Kg 1400 rpm White D Rated",30911,1457,Hoover,,,,,
804022694397,0.00,0,New,PXXC68W,804022694397,"2026-08-19 11:44:15","Clearblue Pregnancy Test Digital Weeks Indicator Over 99% Accurate - 2 Tests",19509,12203,Clearblue,,,,,
804980952065,0.00,0,New,PXXC69Q,804980952065,"2026-08-19 11:44:32","CLEARBLUE Pregnancy Test Double Check & Date - 2 Test Pack 1 Digital & 1 Visual",19509,12203,Clearblue,,,,,
757654311043,0.00,0,New,PXXRTV7,757654311043,"2026-08-20 13:36:23","Lenovo TDS 68CDKAC1UK 27 Inches",34679,1231921,"Lenovo TDS",,,,,
775809419659,0.00,0,New,PXXXRXF,775809419659,"2026-08-21 10:00:09","TCL 50C6K-UK 50 Inch 4K Ultra HD Smart TV Bluetooth WiFi",9357,140929,TCL,,,,,
775837400476,0.00,0,New,PXXXRXG,775837400476,"2026-08-21 10:00:12","TCL 43SF560-UK 43 Inch QLED Full HD Smart TV Bluetooth WiFi",14934,140929,TCL,,,,,
776405838578,0.00,0,New,PXXXSCW,776405838578,"2026-08-21 10:00:44","Kärcher WD2 Plus 12L Wet & Dry Vacuum Cleaner – Powerful Home & Garage 16280020",14931,17069,Kärcher,,,,,
777302292777,0.00,0,New,PXY8YMY,777302292777,"2026-08-22 03:56:24","Genuine Charging Cable Charger Lead for Apple iPhone 4,4S,3GS,iPod,iPad2&1",17606,274,Apple,,,,,
777829271590,0.00,0,New,PXY8YNC,777829271590,"2026-08-22 03:56:40","ESTÉE LAUDER Double Wear Zero Smudge Lengthening Mascara 9ml Full Size",19609,4201,"Estee Lauder",,,,,
778072025268,0.00,0,New,PXY8YNK,778072025268,"2026-08-22 03:56:55","Cards Against Humanity BLUE Box Expansion Pack New sealed uk fast post GAME Card",10857,127764,"Cards Against Humanity",,,,,
778116902630,0.00,0,New,PXY8YNQ,778116902630,"2026-08-22 03:56:57","Fast Micro USB Data Charger Cable for Samsung Galaxy J3 J5 2017 s6 s7 NOTE 3, 4",8503,82,Samsung,,,,,
778273618740,0.00,0,New,PXY8YNZ,778273618740,"2026-08-22 03:57:02","Huawei HB436486ECW Battery 4000mAh 15.3Wh For Huawei Mate 10 Pro / P20 Pro",8698,1449,Huawei,,,,,
778732780780,0.00,0,New,PXY8YQ5,778732780780,"2026-08-22 03:57:53","SLx 15m Camping Cable Reel 16A Blue Commando Plug 3 Socket IP44 LED Worklight",11687,5875,SLx,,,,,
781108422276,0.00,0,New,PXY8YTX,781108422276,"2026-08-22 03:59:47","Full HD DVB-S2 Free to Air Satellite Receiver Labgear VSAT02 With Remote Control",9357,5862,Labgear,,,,,
781908348462,0.00,0,New,PXY8YWH,781908348462,"2026-08-22 04:01:06","Classic Clock Crafts Quartz Round Clock Insert Numera Movement",4731,1,Unbranded,,,,,
782220255018,0.00,0,New,PXY8YWS,782220255018,"2026-08-22 04:03:23","C-Shaped Compact Sofa Side End Table Coffee Laptop Table Living Room Bedroom UK",28046,1,Unbranded,,,,,
785131427611,0.00,0,New,PXY8YZ6,785131427611,"2026-08-22 04:05:38","Cat Litter Box Enclosure with Cat Tree Tower, Hidden Cat Washroom Furniture",10176,1242781,ukuniversal365,,,,,
788353979203,0.00,0,New,PXYC2F9,788353979203,"2026-08-22 12:26:37","Dove Classic Fresh Roll On Anti-Perspirant Long Lasting Fragrance 50ml, 6 Pack",6342,5427,Dove,,,,,
788428562941,0.00,0,New,PXYC2FD,788428562941,"2026-08-22 12:26:50","12xDove Anti-Perspirant Men+Care Advanced Clean Comfort 72H Protection Deo,200ml",19575,5427,Dove,,,,,
805592683859,0.00,0,New,PXZ7D82,805592683859,"2026-08-25 00:07:57","Female Fertility Supplements Vitamins Trying to Conceive FertilWoman 30 Tablets",33005,1,Unbranded,,,,,
783099995371,0.00,0,New,PXZNPZT,783099995371,"2026-08-25 13:36:08","4-Tier LED Floor Lamp Modern Standing Storage Display Shelf Wooden Lounge Light",2579,1,Unbranded,,,,,
783285651760,0.00,0,New,PXZNQ2S,783285651760,"2026-08-25 13:36:12","Office Chair Computer Desk Chair Adjustable with Arms Wheels for Home Work Black",9382,1,Unbranded,,,,,
786576925946,0.00,0,New,PXZRFDK,786576925946,"2026-08-25 14:16:10","LED CEILING LAMP ROUND 18W ROTHER WATERPROOF BATHROOM KITCHEN WALL LIGHT",38245,1116022,Rother,,,,,
786723622957,0.00,0,New,PXZRFFX,786723622957,"2026-08-25 14:16:14","LED Panel Ceiling Light 58cm Flat Backlight Effect Living Room Neutral White",38245,62508,Briloner,,,,,
786793747246,0.00,0,New,PXZRFGN,786793747246,"2026-08-25 14:16:16","LED Ceiling Light Football Lamp Children's Room Kids Bedroom Neutral White",38245,62508,Briloner,,,,,
786882333985,0.00,0,New,PXZRFHW,786882333985,"2026-08-25 14:16:19","LED Panel Ceiling Light 100cm CCT Dimmable Lamp 24W Remote Control Hallway",38245,62508,Briloner,,,,,
787002975863,0.00,0,New,PXZRFKM,787002975863,"2026-08-25 14:16:21","LED Panel Ceiling Light Flat Backlight Effect Living Room Neutral White Light",38245,62508,Briloner,,,,,
787063726299,0.00,0,New,PXZRFQP,787063726299,"2026-08-25 14:16:36","LED Ceiling Light 12W 1200lm 4000K IP44 Starry Sky Bathroom Lamp Round White",38245,62508,Briloner,,,,,
787119092293,0.00,0,New,PXZRFRP,787119092293,"2026-08-25 14:16:43","LED Panel Bathroom Ceiling Light 100cm Dimmable Remote Control CCT IP44 White",38245,62508,Briloner,,,,,
787270935460,0.00,0,New,PXZRFSN,787270935460,"2026-08-25 14:16:48","LED Bathroom Ceiling Light IP44 Lamp Kitchen Motion Sensor Detector White",38245,62508,Briloner,,,,,
787336596307,0.00,0,New,PXZRFTW,787336596307,"2026-08-25 14:16:52","2 x LED Wall Light Rechargeable Reading Lamp Magnet Adjustable Spotlight White",17974,62508,Briloner,,,,,
787389017194,0.00,0,New,PXZRFVJ,787389017194,"2026-08-25 14:16:54","LED Wall Light CCT Rechargeable Reading Lamp Magnet Adjustable Spotlight Beige",17974,62508,Briloner,,,,,
787425290918,0.00,0,New,PXZRFWB,787425290918,"2026-08-25 14:16:55","LED Wall Light Rechargeable Reading Lamp Magnet Adjustable Spotlight CCT Black",17974,62508,Briloner,,,,,
787506104202,0.00,0,New,PXZRFWY,787506104202,"2026-08-25 14:16:57","LED Panel 98cm Ceiling Light Flat Indirect Light Hallway Kitchen Neutral White",38245,62508,Briloner,,,,,
708520581275,0.00,0,New,PXZXVCW,708520581275,"2026-08-26 08:16:50","Spigen EZ Fit [2 Pack] Screen Protector for Apple Watch Ultra 3/2/1 (49Mm) | 9H",11523,5625,Spigen,,,,,
709558372965,0.00,0,New,PXZXVKG,709558372965,"2026-08-26 08:18:06","3-Pack White E27 Ceiling Rose, E27 Lamp Holder, Bayonet Light Fitting for Ceilin",9656,1213703,ZeBQrphio,,,,,
709618016129,0.00,0,New,PXZXVKH,709618016129,"2026-08-26 08:18:10","Balsa Wood Sheets, 12 Pack 200X100X1Mm Thin Wood Sheets, Wood Board for DIY Craf",13199,807890,MOXYOY,,,,,
710091939775,0.00,0,New,PXZXVKR,710091939775,"2026-08-26 08:18:29","PROVOKE Hair Gloss High-Shine Coat Wonder Spray 200Ml, for Shine and Finish, Las",9823,11700,Provoke,,,,,
778602584999,0.00,0,New,PY25GXQ,778602584999,"2026-08-26 12:44:28","SLx Outdoor Aerial Antenna For Digital TV Freeview Signal Digi Dome Ariel Kit",16194,5875,SLx,,,,,
848492385379,0.00,0,New,PY5H26Z,848492385379,"2026-08-29 14:30:59","Ceiling Light Chic Lights Modern Kitchen Living Room Bedroom Lamp LED Dimmable",38245,1,Unbranded,,,,,
720287168520,0.00,0,New,PY5HQZ7,720287168520,"2026-08-29 15:11:57","1000W Omelette Maker Electric Non-Stick Deep Fill Dual Egg Cooker Pan UK Stock",6844,1,Unbranded,,,,,
737216534400,0.00,0,New,PY5ZSNP,737216534400,"2026-08-31 17:40:50","3-Head 74 LED Solar Security Light PIR Motion Sensor Outdoor Garden Flood Lamp",6608,1,Unbranded,,,,,
